{
  "platformName": "Android",
  "deviceName": "AndroidEmulator", 
  "automationName": "UiAutomator2",
  "noReset": true,
  "platformVersion": "12.0",
  "avd": "Android_12_API_31",
  "systemPort": 8200,
  "uiautomator2ServerLaunchTimeout": 60000,
  "uiautomator2ServerInstallTimeout": 60000,
  "adbExecTimeout": 20000,
  "androidInstallTimeout": 90000,
  "appWaitDuration": 20000,
  "deviceReadyTimeout": 60,
  "androidDeviceReadyTimeout": 60,
  "avdLaunchTimeout": 300000,
  "avdReadyTimeout": 300000,
  "skipServerInstallation": false,
  "skipDeviceInitialization": false,
  "skipUnlock": true,
  "unicodeKeyboard": true,
  "resetKeyboard": true,
  "disableWindowAnimation": true,
  "ignoreHiddenApiPolicyError": true,
  "dontStopAppOnReset": true,
  "newCommandTimeout": 300,
  "settings": {
    "waitForIdleTimeout": 10,
    "waitForSelectorTimeout": 10000,
    "normalizeTagNames": true,
    "shouldUseCompactResponses": false,
    "elementResponseAttributes": "name,text,className,resourceId",
    "enableNotificationListener": false,
    "actionAcknowledgmentTimeout": 3000,
    "keyInjectionDelay": 0,
    "scrollAcknowledgmentTimeout": 200,
    "wakeLockTimeout": 0,
    "allowInvisibleElements": false
  }
}